User_ID,Age,Gender,Total_App_Usage_Hours,Daily_Screen_Time_Hours,Number_of_Apps_Used,timestamp,hour,Gaming_App_Usage_Hours,Location,day_of_week
1,56,Male,2.61,7.15,24,4.43,0.55,2.4,Los Angeles,Monday
2,46,Male,2.13,13.79,18,4.67,4.42,2.43,Chicago,Tuesday
3,32,Female,7.28,4.5,11,4.58,1.71,2.83,Houston,Wednesday
4,25,Female,1.2,6.29,21,3.18,3.42,4.58,Phoenix,Thursday
5,38,Male,6.31,12.59,14,3.15,0.13,4,New York,Friday
6,56,Female,3.31,1.04,21,2.02,3.45,2.26,Chicago,Saturday
7,36,Male,4.81,1.52,24,3.76,1.58,3.59,Los Angeles,Sunday
8,40,Male,9.53,8.85,11,2.66,0.28,2.93,Chicago,Monday
9,28,Male,11.35,12.8,9,3.39,3.05,2.46,Phoenix,Tuesday
10,28,Male,1.8,4.11,16,2.14,1.2,0.96,New York,Wednesday
11,41,Female,6.88,7.11,21,3.66,1.93,2.32,Chicago,Thursday
12,53,Female,10.71,6.86,21,4.12,0.4,1.23,Phoenix,Friday
13,57,Female,1.91,7.15,4,0.73,0.74,4.57,Los Angeles,Saturday
14,41,Male,10.07,9.09,11,4.16,1.49,1.68,Houston,Sunday
15,20,Male,4.94,7.11,15,2.7,0.45,4.76,Los Angeles,Monday
16,39,Male,4.54,6.82,17,4.22,4.55,2.67,New York,Tuesday
17,19,Female,11.75,7.17,5,2.16,0.03,3.16,Los Angeles,Wednesday
18,41,Male,3.21,8.68,13,1.9,2.42,2.71,Los Angeles,Thursday
19,47,Female,8.63,7.98,23,4.58,0.62,0.65,Los Angeles,Friday
20,55,Female,10.04,12.1,16,1.26,1.54,1.88,Los Angeles,Saturday
21,19,Female,1.45,1.64,27,4.22,4.63,0.5,New York,Sunday
22,38,Female,8.37,11.83,10,2.42,0.81,3.11,Phoenix,Monday
23,50,Female,11.47,11.97,20,2.57,4.83,2.23,Chicago,Tuesday
24,29,Female,2.37,4.7,21,1.54,1.03,3.89,Houston,Wednesday
25,39,Male,10.86,7.02,18,2.87,3.71,1.1,Chicago,Thursday
26,42,Male,7.54,6.7,4,1.63,2.73,0.82,Chicago,Friday
27,44,Female,7.78,3.84,10,0.2,4.42,2.03,Houston,Saturday
28,59,Female,7.74,6.16,24,1.36,2.77,4.63,New York,Sunday
29,45,Male,4.29,1.58,8,0.03,2.67,3.55,Houston,Monday
30,33,Female,11.29,4.61,14,4.89,0.98,2.09,New York,Tuesday
31,32,Female,11.42,11.62,17,4.83,0.83,2.59,Chicago,Wednesday
32,20,Male,7.88,4.7,27,1.98,4.58,0.42,New York,Thursday
33,54,Female,9.62,11.64,10,3.64,1.64,4.92,Phoenix,Friday
34,24,Female,7.73,7.91,6,1.73,1.86,3.33,Houston,Saturday
35,38,Female,6.33,12.44,17,3.36,3.8,1.43,Phoenix,Sunday
36,26,Male,8.27,8.47,22,4.03,1.69,2.93,Chicago,Monday
37,56,Male,7.08,1.39,27,4.73,4.76,0.55,Houston,Tuesday
38,35,Male,7.57,9.78,19,2,3.69,4.83,Chicago,Wednesday
39,21,Female,9.62,1.58,15,3.92,2.99,0.87,Phoenix,Thursday
40,42,Female,6.29,6.86,20,1.33,4.4,3.24,Chicago,Friday
41,31,Male,1.45,13.08,4,4.95,0.25,1.23,Houston,Saturday
42,26,Female,2.8,3.15,15,0.13,1.29,3.59,Houston,Sunday
43,43,Female,5.82,6.07,15,3.02,2.33,3.88,Chicago,Monday
44,19,Female,8.97,10.49,24,3.3,1.13,3.37,Houston,Tuesday
45,37,Female,7.53,12.47,17,3.44,3.72,3.07,Houston,Wednesday
46,45,Female,8.15,9.72,22,0.6,4.6,4.46,Chicago,Thursday
47,24,Male,6.27,4.36,29,4.69,2.12,0.39,Phoenix,Friday
48,25,Female,7.77,9.77,12,0.91,1.71,1.65,Houston,Saturday
49,52,Male,4.62,4.86,5,3.11,4.81,1.24,Houston,Sunday
50,31,Female,6.17,10.34,21,1.11,2.22,4.94,Houston,Monday
51,34,Male,9.19,13.4,5,1.54,2.45,1.95,Houston,Tuesday
52,53,Female,10.59,10.38,24,2.73,1.76,3.66,Chicago,Wednesday
53,57,Male,5.77,12.22,16,2.09,4.55,3.42,Phoenix,Thursday
54,21,Female,1.48,1.03,10,0.8,2.84,1.06,Phoenix,Friday
55,19,Male,2.78,10.33,29,0.85,3.81,1.19,New York,Saturday
56,23,Female,1.23,11.78,25,2.09,4.06,1.41,Houston,Sunday
57,59,Male,8.19,1.53,6,3.79,1.71,2.06,Houston,Monday
58,21,Female,4.66,12.33,29,4.49,2.17,1.17,New York,Tuesday
59,46,Male,6.97,4.34,22,0.42,4.24,0.1,Phoenix,Wednesday
60,35,Male,6.43,9.65,13,1.97,1.82,4.4,Los Angeles,Thursday
61,43,Female,1.9,11.4,28,0.5,3.97,4.83,Los Angeles,Friday
62,51,Female,5.44,9.61,13,0.08,4.7,1.71,Phoenix,Saturday
63,27,Male,3.43,2.2,29,3.31,3.12,1.69,Houston,Sunday
64,53,Female,5.6,8.75,13,3.01,3.71,0.04,Los Angeles,Monday
65,31,Male,3.24,8.14,4,0.82,4.03,3.4,Chicago,Tuesday
66,48,Male,10.24,12.7,19,1.17,4.23,4.13,Chicago,Wednesday
67,32,Male,2.92,6.26,11,0.12,1.98,0.73,New York,Thursday
68,25,Female,11.57,5.17,4,4.17,0.26,0.8,Phoenix,Friday
69,31,Male,5.57,10.75,26,4.87,2.01,3.95,Phoenix,Saturday
70,40,Male,10.31,6.36,17,0.68,3.37,3.08,Los Angeles,Sunday
71,57,Female,7.92,9.4,18,1.16,2.25,0.22,Houston,Monday
72,38,Female,9.09,9.4,27,4.34,3.74,3.11,Phoenix,Tuesday
73,33,Female,9.44,12.54,6,4.63,1.78,1.54,Los Angeles,Wednesday
74,35,Female,6.55,8.78,10,2.1,3.17,1.84,Los Angeles,Thursday
75,41,Male,6.98,7.53,11,0.25,0.93,3.85,Phoenix,Friday
76,43,Male,6.65,2.81,28,0.2,3.75,4.05,Los Angeles,Saturday
77,42,Male,7.47,2.5,28,2.87,2.73,2,New York,Sunday
78,58,Male,1.32,3.01,7,1.96,1.02,4.74,New York,Monday
79,46,Female,5.35,3.23,18,0.14,1.46,2.03,Phoenix,Tuesday
80,32,Male,7.67,9.29,15,2.92,3.74,3.86,Houston,Wednesday
81,18,Male,7.57,10.63,9,0.06,2.41,2.42,New York,Thursday
82,42,Female,9.72,7.89,28,3.94,1.08,4.49,New York,Friday
83,24,Male,8.21,11.78,22,1.53,4.84,4.54,Phoenix,Saturday
84,26,Male,11.91,13.89,19,0.2,3.58,0.44,Chicago,Sunday
85,41,Male,4.12,11.66,5,2.94,4.79,4.68,Los Angeles,Monday
86,18,Male,4.95,10.03,7,1.99,2.14,4.13,New York,Tuesday
87,25,Male,5.22,7.92,21,4.87,2.38,3.96,Chicago,Wednesday
88,41,Male,6.12,6.84,14,2.72,4.49,1,Houston,Thursday
89,28,Female,10.2,2.1,29,1.38,2.63,4.03,Chicago,Friday
90,34,Female,3.59,6.19,9,3.55,3.54,4.25,Phoenix,Saturday
91,25,Male,9.54,12.83,11,1.36,1.26,1.45,Houston,Sunday
92,52,Male,5.46,11.5,8,4.52,2.23,4.76,Houston,Monday
93,52,Female,7.62,3.81,28,1.87,0.62,0.25,Chicago,Tuesday
94,50,Male,7.96,7.07,19,2.75,1.03,0.75,Phoenix,Wednesday
95,22,Male,5.1,11.62,18,0.25,0,2.69,New York,Thursday
96,59,Male,6.64,1.88,25,2.13,0.2,2.88,Chicago,Friday
97,56,Female,5.54,6.04,5,4.16,4.89,3.23,New York,Saturday
98,58,Male,1.76,12.07,23,4.03,1.21,0.08,Chicago,Sunday
99,45,Female,5.81,6.25,28,1.12,3.32,4.8,New York,Monday
100,24,Male,2.07,2.01,6,1.13,4.2,0.22,Chicago,Tuesday
101,26,Female,5.46,8.05,12,4.09,2.75,0.72,Houston,Wednesday
102,25,Female,7.52,12.2,7,4.65,0.77,0.07,Los Angeles,Thursday
103,29,Male,7.37,8.67,23,0.48,3.64,2.83,Houston,Friday
104,51,Female,8.29,3.94,24,2.25,3,4.66,New York,Saturday
105,50,Male,2.05,6,12,1.69,3.66,3.33,Phoenix,Sunday
106,40,Female,8.17,6.85,14,4.35,3.85,4.11,Houston,Monday
107,41,Male,4.43,8.53,12,0.42,4.88,0.07,Los Angeles,Tuesday
108,54,Male,5.39,10.87,15,1.06,2.87,2.71,New York,Wednesday
109,52,Female,10.44,2.29,13,3.76,1.71,2.3,Houston,Thursday
110,57,Male,1.1,12.57,24,0.26,3.24,2.49,Chicago,Friday
111,39,Male,7.47,1.16,18,2.46,0.34,0.36,Phoenix,Saturday
112,44,Female,7.59,5.81,10,2.21,4.49,3.42,New York,Sunday
113,52,Male,5.36,1.36,10,1.67,0.6,2.52,Houston,Monday
114,18,Male,3.61,6.11,29,1.97,1.64,3.83,New York,Tuesday
115,52,Female,3.58,7.84,27,2.65,4.08,2.43,Chicago,Wednesday
116,54,Female,10.72,7.65,10,0.81,2.99,0.75,Los Angeles,Thursday
117,31,Male,5.86,3.15,15,2.86,1.97,3.24,Houston,Friday
118,20,Male,4.64,9.39,29,4.03,2.37,0.86,New York,Saturday
119,18,Female,5.94,1.58,4,3.8,4.27,4.36,New York,Sunday
120,22,Female,8.36,10.9,14,0.77,1.7,3.07,New York,Monday
121,43,Male,2.6,13.31,12,0.75,4.35,0.79,Los Angeles,Tuesday
122,31,Female,5.94,5.42,14,1.34,0.44,4.81,New York,Wednesday
123,56,Male,7.47,7.72,13,1.81,3.88,2.59,Phoenix,Thursday
124,44,Male,11.43,5.93,17,2.04,4.24,0.36,Phoenix,Friday
125,26,Male,3.78,1.09,18,3.4,0.91,3.13,New York,Saturday
126,32,Male,4.95,6.02,19,0.28,2.15,1.27,Phoenix,Sunday
127,32,Male,5.17,11.29,28,0.17,0.83,4.02,Houston,Monday
128,43,Female,7.66,8.75,4,1.96,3.53,4.09,Phoenix,Tuesday
129,59,Female,4.92,2.32,20,3.49,2.68,4.89,New York,Wednesday
130,30,Female,6.87,12.01,14,0.97,3.18,2.51,Chicago,Thursday
131,49,Female,9.6,7.9,21,3.21,0.98,2.27,Houston,Friday
132,56,Male,8.76,11.94,28,1.3,1.06,3.77,Los Angeles,Saturday
133,49,Male,5.91,8.54,25,4.43,0.21,0.66,New York,Sunday
134,21,Male,10.51,8.28,20,4.48,1.61,2.73,Los Angeles,Monday
135,47,Male,7.14,2.37,19,1.49,2.8,2.73,Chicago,Tuesday
136,54,Female,6.94,3.18,8,1.15,4.29,0.45,Los Angeles,Wednesday
137,40,Male,1.38,13.64,27,2.06,3.33,2.09,New York,Thursday
138,56,Male,11.85,3.97,17,1.2,2.18,4.27,New York,Friday
139,32,Female,2.35,13.71,5,3.36,4.77,4.28,Chicago,Saturday
140,46,Female,3.54,7.91,8,4.13,3.6,0.5,New York,Sunday
141,53,Female,1.57,2.77,5,3.37,4.65,0.45,Chicago,Monday
142,30,Female,8.04,2.29,3,4.12,2.64,1.31,Chicago,Tuesday
143,49,Male,3.47,3.72,15,1.98,1.29,4.37,New York,Wednesday
144,24,Male,2.98,13.03,23,0.78,0.26,0.64,Phoenix,Thursday
145,39,Female,1.97,6.38,28,3.69,3.63,3.6,Chicago,Friday
146,45,Male,2.14,6.14,16,1.8,0.61,0.51,New York,Saturday
147,19,Male,7.43,5.07,15,3.36,1.51,3.12,Phoenix,Sunday
148,59,Male,8.57,2.91,29,1.35,2.66,1.78,Chicago,Monday
149,23,Female,5.37,7.34,6,0.41,2.82,3.94,Phoenix,Tuesday
150,45,Male,6.28,2.69,9,4.96,3,1.17,Houston,Wednesday
151,45,Female,8.55,11.86,24,0.78,0.83,3.2,Houston,Thursday
152,37,Male,1.19,5.82,12,4.94,1.9,1.18,Phoenix,Friday
153,47,Male,4.55,5.87,9,4.89,3.09,3.57,Chicago,Saturday
154,28,Male,11.7,7.16,23,3.97,4.85,4.37,New York,Sunday
155,45,Female,7.38,6.77,17,3.3,3.64,0.63,Los Angeles,Monday
156,42,Male,3.8,13.93,17,2.89,4.61,4.33,New York,Tuesday
157,56,Female,6.74,8.09,6,4.33,3.81,2.97,Los Angeles,Wednesday
158,50,Female,4.77,2.15,25,1.45,2.96,0.64,Los Angeles,Thursday
159,18,Female,6.85,8.89,25,2.34,0.96,2.14,Chicago,Friday
160,44,Male,2.38,2.97,8,3.1,3.33,0.8,Phoenix,Saturday
161,30,Male,2.46,1.4,26,2.06,3.12,3.5,New York,Sunday
162,58,Male,2.58,13.62,22,2.14,3.01,3.79,Phoenix,Monday
163,20,Male,11.34,11.06,28,1.65,2.45,0.53,Houston,Tuesday
164,56,Female,9.06,13.74,7,2.82,2.64,2.53,Chicago,Wednesday
165,23,Female,2.79,7.21,22,4.25,1.67,4.07,Chicago,Thursday
166,25,Female,3.07,7.92,14,1.01,2.6,4.68,Houston,Friday
167,44,Male,9.04,3.19,3,4.67,0.99,2.57,New York,Saturday
168,26,Female,2.72,4.21,10,3.45,4.03,4.75,Houston,Sunday
169,54,Male,3.58,11.9,3,4.12,0.93,2.68,New York,Monday
170,50,Female,11.6,5.63,7,2.78,0.42,1.97,Los Angeles,Tuesday
171,59,Male,3.81,11.75,24,3.9,2.18,4.24,Chicago,Wednesday
172,41,Male,8.28,10.22,8,0.08,3.29,2.46,New York,Thursday
173,32,Female,11.76,3.3,23,4.09,2.19,2.36,Phoenix,Friday
174,49,Female,5.12,7.6,5,0.2,1.38,2.45,Phoenix,Saturday
175,49,Female,1.19,9.81,17,4.45,2.79,4.23,Chicago,Sunday
176,41,Female,3.69,4.06,7,4.96,1.74,4.16,Houston,Monday
177,58,Male,10.14,11.8,26,1.47,4.66,2.02,Houston,Tuesday
178,29,Female,10.51,8.08,16,1.05,4.61,1.67,New York,Wednesday
179,56,Female,9.45,3.15,20,3.83,2.51,2.46,Houston,Thursday
180,19,Female,2.24,8.58,18,1.27,1.64,2.86,Chicago,Friday
181,20,Male,9.75,14,8,4.33,3.69,1.19,New York,Saturday
182,54,Male,11.11,2.96,27,0.51,0.18,3.97,Los Angeles,Sunday
183,34,Female,7.61,11.62,26,0.63,2.37,2.43,Houston,Monday
184,19,Male,11.35,3.7,16,4.9,1.68,1.67,Houston,Tuesday
185,19,Female,10.1,11.17,29,3.37,4.6,0.53,New York,Wednesday
186,45,Male,8.34,10.55,26,4.23,0.06,1.19,Phoenix,Thursday
187,40,Male,7.35,4.91,10,1.62,2.76,4.75,Houston,Friday
188,54,Male,4.83,5.24,9,3.38,3.7,1.53,Chicago,Saturday
189,49,Male,2.75,11.3,10,2.97,2.43,0.84,Houston,Sunday
190,50,Female,7.65,7,15,3.02,0.43,2.3,Los Angeles,Monday
191,18,Female,4.5,10.5,8,3.41,4.86,1.54,Houston,Tuesday
192,36,Female,10.53,2.92,20,2.88,2.59,0.18,Phoenix,Wednesday
193,19,Male,11.93,12.08,4,2.15,3.07,1.62,Houston,Thursday
194,43,Female,9.28,10.24,10,1.38,1.18,2.72,New York,Friday
195,49,Female,2,12.79,13,3.84,2.42,2.76,Houston,Saturday
196,23,Female,4.18,2.72,3,1.13,2.15,1.78,Phoenix,Sunday
197,49,Male,2.2,8.71,24,3.46,0.37,2.24,New York,Monday
198,21,Male,8.16,8.79,8,1.17,0.53,4.83,Chicago,Tuesday
199,28,Male,9.42,5.59,18,3.13,4.19,1.89,New York,Wednesday
200,34,Female,11.18,6.96,29,3.74,1.2,1.29,Los Angeles,Thursday
201,55,Female,5.82,1.49,22,1.09,0.97,1.22,New York,Friday
202,41,Female,10.92,10.7,14,0.3,2.52,2.29,Chicago,Saturday
203,22,Male,10.66,8.14,13,0.65,3.84,3.8,Houston,Sunday
204,51,Male,4.49,1.75,29,3.03,0.31,1.03,New York,Monday
205,23,Female,10.56,9.85,12,4.25,2.88,3.55,New York,Tuesday
206,39,Male,5.13,7.07,5,0.22,0.6,0.11,New York,Wednesday
207,28,Male,4.27,1.45,15,3.67,0.18,2.09,New York,Thursday
208,33,Male,8.14,13.6,29,1.71,0.26,3.88,Chicago,Friday
209,50,Male,4.61,13.34,5,2.39,4.17,1.69,Phoenix,Saturday
210,26,Female,7.93,7.67,17,4.64,0.59,2.82,Phoenix,Sunday
211,23,Male,7.71,2.22,18,1.66,0.23,1.02,New York,Monday
212,33,Male,7.2,10.81,15,2.33,2.19,3.71,Chicago,Tuesday
213,46,Male,5.18,7.4,19,0.07,4.22,0.26,Chicago,Wednesday
214,20,Male,7.03,4.93,5,0.41,1.31,4.26,New York,Thursday
215,37,Female,7.56,7.39,22,1.29,2.11,0.99,Los Angeles,Friday
216,53,Female,7,7.79,13,0.14,0.2,4.37,New York,Saturday
217,36,Male,5.89,8.32,29,3.16,2.25,1.76,Los Angeles,Sunday
218,43,Male,1.16,6.74,23,2.13,2.89,3.61,New York,Monday
219,20,Male,7.46,8.87,21,2.74,2.85,1.6,Los Angeles,Tuesday
220,36,Male,2.85,12.94,24,0.87,1.66,4.53,Los Angeles,Wednesday
221,37,Male,8.07,5.71,13,1.48,1.58,0.63,New York,Thursday
222,49,Male,9.35,10.43,18,3.32,0.53,0.89,Los Angeles,Friday
223,24,Female,6.5,12.63,23,4.83,1.83,2.47,Houston,Saturday
224,58,Male,6.97,6.93,5,0.25,0.5,0.41,Phoenix,Sunday
225,50,Female,11.47,6.76,24,4.45,3.83,0.98,Chicago,Monday
226,57,Female,10.32,8.83,8,2.88,4.83,4.72,Los Angeles,Tuesday
227,56,Male,11.06,8.69,16,2.82,4.85,4.88,Los Angeles,Wednesday
228,35,Female,9.95,11.49,26,2.5,4.33,1.88,Chicago,Thursday
229,57,Female,2.2,7.19,20,0.35,3,4.62,Los Angeles,Friday
230,18,Female,2.64,13.95,19,0.45,3.5,2.72,Chicago,Saturday
231,28,Female,6.79,1.77,6,3,1.43,1.35,New York,Sunday
232,45,Female,3.71,1.04,25,1.7,3.15,3.51,Houston,Monday
233,42,Female,6.24,9.32,17,4.59,2.28,3.29,Houston,Tuesday
234,40,Male,5.34,4.88,13,2.03,2.41,4.95,Phoenix,Wednesday
235,48,Female,7.04,4.12,28,0.72,3.79,1.33,Los Angeles,Thursday
236,47,Female,9.22,5.05,5,3.57,1.41,3.36,Phoenix,Friday
237,59,Female,8.87,4.33,5,1.47,1.59,0.26,New York,Saturday
238,52,Male,6.73,1.4,18,2.63,4.62,0.57,Houston,Sunday
239,24,Female,10.05,13.63,7,3.49,0.28,0.02,New York,Monday
240,33,Male,5.74,3.87,23,4.5,2.43,5,New York,Tuesday
241,43,Female,10.86,10.54,12,3.96,4.56,4.01,Los Angeles,Wednesday
242,19,Male,1.78,10.91,21,3.38,3.05,3.93,New York,Thursday
243,18,Male,11.5,13.08,27,3.4,2.73,2.55,Houston,Friday
244,29,Female,8.2,1.4,6,4.73,1.25,1.5,Phoenix,Saturday
245,22,Female,5.18,12.34,21,1.48,1.72,0.76,Houston,Sunday
246,54,Male,3.17,7.85,13,0.01,4.26,1.42,Los Angeles,Monday
247,49,Female,6.27,9.22,4,1.36,2.8,1.88,Houston,Tuesday
248,26,Male,3.14,9.38,12,1.09,2.57,3.78,Chicago,Wednesday
249,58,Male,2.83,11.66,13,3.31,0.5,2.7,Phoenix,Thursday
250,52,Male,7.79,5.33,27,3.17,0.08,0.39,Chicago,Friday
251,36,Male,6.75,10.53,22,2.97,4.82,0.09,Chicago,Saturday
252,33,Male,8.37,7.87,18,0.08,1.88,0.51,Los Angeles,Sunday
253,20,Female,11.23,11.31,21,3.64,3.02,2.05,New York,Monday
254,37,Male,6.85,13.88,25,1.62,0.4,4.67,Chicago,Tuesday
255,41,Male,7.39,3.61,26,3.33,3.42,3.19,Houston,Wednesday
256,50,Female,1.99,13.93,13,2.78,4.66,4.01,New York,Thursday
257,41,Male,8.89,2.17,16,1.71,2.88,2.33,Houston,Friday
258,28,Female,5.4,1.03,4,0.67,0.63,1.81,Houston,Saturday
259,25,Female,11.74,1.57,25,0.47,2.91,0.54,New York,Sunday
260,53,Female,10.05,5.44,7,4.16,3.83,4.38,New York,Monday
261,55,Male,6.75,9.23,29,4.59,2.03,3.92,Houston,Tuesday
262,57,Male,2.36,1.9,7,3.25,4.4,0.84,Los Angeles,Wednesday
263,37,Male,10.45,1.07,21,0.52,3.24,2.56,Phoenix,Thursday
264,52,Female,9.8,13.18,23,2.01,4.5,2.44,Phoenix,Friday
265,42,Male,3.03,11.69,14,3.64,3.12,3.13,Los Angeles,Saturday
266,52,Female,4.25,11.52,20,3.9,0.66,4.73,New York,Sunday
267,42,Male,9.73,12.5,6,0.59,1.55,2.9,Houston,Monday
268,46,Female,3.04,10.1,24,0,1.01,2.7,Phoenix,Tuesday
269,35,Male,11.1,2.36,19,3.56,4.54,0.25,Houston,Wednesday
270,35,Male,5.67,6.19,12,1.78,3.8,0.31,Los Angeles,Thursday
271,19,Male,1.96,10.4,22,1.27,3.38,0.94,Houston,Friday
272,52,Female,9.97,4.64,8,0.06,1.5,0.16,Los Angeles,Saturday
273,33,Female,5.11,9.94,27,2.7,0.92,3.72,New York,Sunday
274,58,Male,6.79,1.32,16,4.26,3.78,3.62,Los Angeles,Monday
275,53,Male,2.24,4.98,13,4.79,2.37,0.68,Los Angeles,Tuesday
276,50,Female,1.03,8.14,13,2.83,1.13,4.18,Phoenix,Wednesday
277,21,Female,8.02,9.22,20,2.57,3.08,0.77,Houston,Thursday
278,50,Female,6.67,8.5,29,0.43,0.2,1.51,Phoenix,Friday
279,31,Male,7.53,10.07,25,2.74,1.63,1.24,Chicago,Saturday
280,38,Female,9.73,1.08,24,1.9,2.34,1.86,Los Angeles,Sunday
281,37,Male,8.11,2.31,20,3.04,0.74,1.27,Chicago,Monday
282,25,Female,2.92,12.3,26,1.94,4.92,2.44,Phoenix,Tuesday
283,24,Male,4.97,9.86,25,1.2,1.05,2.04,Houston,Wednesday
284,20,Female,10.96,2.47,13,0.47,0.65,4.93,Phoenix,Thursday
285,34,Female,9.47,11.95,23,1.57,1.02,0.28,Houston,Friday
286,50,Female,7.12,4.15,14,0.48,3.85,0.71,Houston,Saturday
287,29,Female,3.81,7.22,7,0.88,2.13,0.26,New York,Sunday
288,39,Female,4.32,2.89,25,4.94,2.83,3.13,Los Angeles,Monday
289,39,Male,9.05,10.23,11,2.22,0.11,0.27,Phoenix,Tuesday
290,47,Female,10.36,9.67,29,2.66,0.17,4.18,Houston,Wednesday
291,55,Female,8.39,3.74,27,4.37,2.23,2.56,Phoenix,Thursday
292,55,Female,9.9,12.22,11,4.98,4.08,2.64,Phoenix,Friday
293,25,Male,9.43,6.22,24,2.91,4.43,2.81,Houston,Saturday
294,44,Female,2.65,4.8,12,4.06,0.43,0.85,Chicago,Sunday
295,44,Male,5.66,2.98,24,1.63,2.69,0.99,Los Angeles,Monday
296,51,Female,2.68,4.46,21,1.53,4.57,1.59,Los Angeles,Tuesday
297,38,Female,3.59,1.29,3,2.01,1.94,2.97,New York,Wednesday
298,47,Male,10.56,8.58,9,3.36,4.15,1.05,New York,Thursday
299,50,Female,6.2,11.95,6,3.41,0.67,0.58,New York,Friday
300,45,Male,6.89,8.14,3,1.58,4.68,4.85,Los Angeles,Saturday
301,50,Male,2.96,3.85,17,0.67,3.76,0.11,Chicago,Sunday
302,22,Female,4.43,1.44,10,3.16,4.71,4.01,Los Angeles,Monday
303,36,Male,3.53,3.79,14,0.64,3.38,3.94,Los Angeles,Tuesday
304,21,Female,3.27,6.41,24,2.89,1.82,1.49,Los Angeles,Wednesday
305,52,Female,8.02,10.87,24,3.47,4.69,0.68,Los Angeles,Thursday
306,34,Male,3.83,3.44,20,3.5,1.38,0.73,Chicago,Friday
307,45,Male,7.95,10.36,17,3.77,1.66,3.49,New York,Saturday
308,47,Male,1.64,12.27,19,4.36,3.5,3.21,Phoenix,Sunday
309,46,Male,2.56,6.9,16,2.5,3.83,3.91,New York,Monday
310,23,Female,4.02,11.68,16,3.65,4.65,4.69,New York,Tuesday
311,52,Female,7.57,8.21,20,3.1,1.02,3.46,Phoenix,Wednesday
312,58,Male,8.43,9.28,22,0.93,3.99,0.78,Los Angeles,Thursday
313,54,Female,5.87,7.84,20,0.13,3.69,1.22,Chicago,Friday
314,41,Female,5.9,7.02,18,1.42,0.32,4.21,Chicago,Saturday
315,46,Female,8.97,4.05,3,2.22,1.94,1.05,New York,Sunday
316,48,Female,1.17,4.94,25,3.09,1.41,0.36,Phoenix,Monday
317,52,Male,4.75,4.77,29,4.25,1.52,3.52,Houston,Tuesday
318,50,Male,10.01,8.32,13,0.98,4.91,2.01,Los Angeles,Wednesday
319,38,Female,7.64,2.56,17,0.63,3.21,4.6,New York,Thursday
320,49,Male,4.71,12.92,14,4.82,3.59,3.25,Chicago,Friday
321,40,Male,10.96,10.37,10,0.54,4.88,0.45,Phoenix,Saturday
322,50,Male,9.5,6.22,24,2.39,1.89,4.74,Phoenix,Sunday
323,20,Female,3.91,3.06,22,2.93,4.01,1.29,New York,Monday
324,35,Female,8.1,12.47,8,2.71,2.17,1.69,Houston,Tuesday
325,42,Female,7.55,11.71,5,0.43,4.35,2.01,Chicago,Wednesday
326,59,Male,5.41,10.38,26,0.29,0.9,0.26,New York,Thursday
327,48,Female,5.04,4.53,28,0.53,4.74,2.48,Houston,Friday
328,20,Female,4.78,6.23,15,2.93,1.09,0.62,Phoenix,Saturday
329,57,Male,7.79,2.34,15,2.72,1.63,2,Los Angeles,Sunday
330,41,Female,5.87,3.46,4,1.17,3.78,1.75,Chicago,Monday
331,49,Female,10.15,11.18,7,3.19,1.97,3.86,Chicago,Tuesday
332,39,Male,8.37,10.3,19,4.1,3.04,4.02,Houston,Wednesday
333,40,Male,1.77,8.72,8,0.21,2.22,0.77,New York,Thursday
334,19,Male,8.04,12.64,4,2.49,3.71,1.83,Phoenix,Friday
335,44,Female,3.98,8.58,6,3.45,1.14,1.87,Houston,Saturday
336,59,Female,7.52,7.07,24,1.26,0.29,0.76,Los Angeles,Sunday
337,19,Female,8.48,5.42,28,1.54,1.5,3.99,Los Angeles,Monday
338,43,Male,3.54,13.23,13,3.07,2.37,3.54,Los Angeles,Tuesday
339,34,Male,6.03,2.08,10,4.49,0.84,0.95,Houston,Wednesday
340,57,Female,3.09,13.1,14,4.05,1.77,1.83,Phoenix,Thursday
341,50,Female,1.58,11.75,10,2.92,2,0.53,Chicago,Friday
342,26,Male,5.16,2.69,13,3.65,0.29,3.14,New York,Saturday
343,56,Male,4.99,8.34,24,1.82,2.92,0.61,Chicago,Sunday
344,46,Male,11.95,12.27,22,3.2,4.42,4.93,Phoenix,Monday
345,59,Male,5.91,8.43,10,2.33,0.76,3.9,Chicago,Tuesday
346,43,Female,4.67,12.79,10,0.95,2.99,1.95,Houston,Wednesday
347,52,Male,7.39,13.26,28,3.51,3.32,2.89,Los Angeles,Thursday
348,42,Female,1.98,6.49,19,2.78,2.1,4.56,Phoenix,Friday
349,41,Female,11.58,5.91,22,1.79,3.51,2.77,Phoenix,Saturday
350,30,Female,7.98,13.17,22,4.56,2.05,0.87,Chicago,Sunday
351,24,Male,9.3,9.78,25,0.1,2.52,1.89,Houston,Monday
352,53,Male,2.88,2.51,18,1.58,0.04,4.22,Chicago,Tuesday
353,37,Male,5.5,1.55,16,0.28,3.46,3.22,Chicago,Wednesday
354,18,Male,5.65,8.34,13,3.83,3.31,3.25,Phoenix,Thursday
355,25,Female,10.04,13.09,9,3.51,0.19,4.33,Chicago,Friday
356,33,Male,1.01,11.98,18,1.66,1.84,4.47,Los Angeles,Saturday
357,31,Male,4.31,9.79,15,3.38,4.9,4.6,Chicago,Sunday
358,29,Female,11.79,2.81,29,1.98,2.1,0.47,Los Angeles,Monday
359,40,Male,6.22,4.31,17,3.78,2.51,2.72,Phoenix,Tuesday
360,32,Female,5.21,12.38,26,2.27,4.55,3.7,Houston,Wednesday
361,45,Female,2.32,3.38,18,2.06,3.59,3.78,Los Angeles,Thursday
362,51,Female,11.72,4.62,29,4.67,2.91,3.03,Houston,Friday
363,19,Female,1.22,2.68,23,1.25,3.99,0.83,Houston,Saturday
364,49,Female,9.11,9.79,25,0.6,4.32,3.99,Los Angeles,Sunday
365,40,Female,9.45,13.27,26,2.92,2.28,3.6,Phoenix,Monday
366,39,Female,3.68,4.5,11,4.85,2.38,0.43,New York,Tuesday
367,42,Female,8.39,7.18,5,1.89,1.93,2.32,Houston,Wednesday
368,39,Male,2.02,9.25,21,0.31,4.83,0.87,Houston,Thursday
369,39,Male,3.83,13.99,22,1.7,3.49,1.69,Phoenix,Friday
370,59,Male,9.67,2.36,7,2.53,0.42,0.09,Phoenix,Saturday
371,23,Male,10.51,7.48,12,0.81,4.31,2,Chicago,Sunday
372,32,Female,7.69,6.01,19,3.29,2.4,2.75,Phoenix,Monday
373,54,Male,6.58,12.26,17,4.99,0.34,3.1,Houston,Tuesday
374,50,Female,2.75,7.19,25,2.26,2.75,3.32,Los Angeles,Wednesday
375,25,Male,1.69,2.44,27,1.77,2.09,4.18,New York,Thursday
376,22,Male,2.29,9.25,10,2,4.39,1.08,Chicago,Friday
377,56,Male,3.5,11.02,17,0.58,1.02,0.6,Los Angeles,Saturday
378,21,Female,4.76,1.04,23,4.42,4.13,4.26,New York,Sunday
379,23,Male,5.19,12.17,16,2.07,2.79,0.78,New York,Monday
380,49,Female,4.81,3.42,22,1.94,0.27,4.87,New York,Tuesday
381,47,Female,3.63,8.18,9,3.3,4.86,4.21,Los Angeles,Wednesday
382,52,Male,6.61,6.41,23,2.21,2.56,2.5,Chicago,Thursday
383,57,Male,10.08,10.36,25,3.24,1.45,4.91,Chicago,Friday
384,33,Male,4.08,5.83,14,0.31,2.35,0.49,New York,Saturday
385,30,Female,11.37,12.31,19,4.07,4.29,1.52,Los Angeles,Sunday
386,59,Male,10.61,10.5,19,4.7,1.52,3.19,New York,Monday
387,47,Female,2.78,9.42,12,3.24,0.96,1.75,Phoenix,Tuesday
388,36,Female,9.65,11.35,21,4.77,0.65,4.64,Chicago,Wednesday
389,34,Male,7.32,10.8,16,0.76,1.49,0.33,Houston,Thursday
390,36,Male,7.23,1.47,13,2.39,3.9,2.75,New York,Friday
391,45,Female,5.3,6.13,4,3.01,2.36,2.95,Phoenix,Saturday
392,43,Female,6.51,13.1,20,2.91,1.14,3.26,Chicago,Sunday
393,54,Female,5.37,2.63,9,2.01,0.83,1.28,Los Angeles,Monday
394,43,Male,6.94,10.58,14,1.69,1.66,1.82,Chicago,Tuesday
395,40,Female,7.91,13.67,28,0.63,4.7,4.22,Los Angeles,Wednesday
396,26,Male,8.42,1.68,4,1.96,1.72,0.97,Los Angeles,Thursday
397,29,Female,6.86,9.87,29,0.81,4.94,4.13,New York,Friday
398,18,Female,8.94,7.09,22,3.67,2.43,2.81,New York,Saturday
399,18,Male,2.55,8.53,20,1.04,0.9,3.81,Chicago,Sunday
400,51,Female,3.33,2.11,8,0.29,4.46,3.57,Phoenix,Monday
401,49,Male,10.01,1.56,26,2.76,2.3,1.04,Chicago,Tuesday
402,42,Male,4.55,9.67,12,2.98,3.55,2.84,Houston,Wednesday
403,57,Female,1.25,11.7,22,4.36,4.92,4.34,Los Angeles,Thursday
404,18,Male,2.69,11.17,17,2.88,0.25,2.16,Los Angeles,Friday
405,33,Male,3.46,8.07,7,1.73,0.48,4.83,New York,Saturday
406,56,Female,11.53,2.3,22,4.02,3.6,2.26,Phoenix,Sunday
407,22,Male,7.3,9.94,5,2.7,1.41,0.71,New York,Monday
408,39,Male,11.26,4.14,7,0.4,0.92,1.95,Houston,Tuesday
409,46,Male,7.33,12.84,27,2.83,0.2,4.76,Chicago,Wednesday
410,20,Female,6.27,11.9,10,4.54,0.11,1.6,Chicago,Thursday
411,29,Male,4.45,10.22,10,1.98,3.87,4.34,Phoenix,Friday
412,43,Female,7.67,13.33,10,1.48,0.67,4.41,New York,Saturday
413,33,Female,2.53,1.41,14,0.72,2.34,1.75,New York,Sunday
414,54,Male,10.88,10.57,26,0.76,3.03,0.42,Houston,Monday
415,39,Male,10.12,5.29,25,2.16,2.14,3.62,Chicago,Tuesday
416,46,Male,4.49,12.78,10,2.98,0.14,1.56,New York,Wednesday
417,31,Female,11.48,4.47,13,0.4,3.92,3.91,Phoenix,Thursday
418,45,Male,10.08,10.42,16,4.7,0.05,2.21,Chicago,Friday
419,22,Male,8.33,12.41,10,3.78,3.81,2.43,Houston,Saturday
420,47,Male,2.34,1.54,26,2.93,4.47,3.89,Phoenix,Sunday
421,22,Male,6.26,6.17,12,4.14,2.16,1.91,Los Angeles,Monday
422,29,Male,6.57,10.91,9,0.4,2.68,2.22,Houston,Tuesday
423,33,Female,3.56,6.91,19,2.38,2.38,1.88,Phoenix,Wednesday
424,43,Female,1.88,4.47,6,3.15,1.95,1.84,New York,Thursday
425,43,Male,9.54,3.86,15,4.14,4.44,2.63,Los Angeles,Friday
426,38,Male,2.34,2.71,6,3.92,4.47,4.04,Houston,Saturday
427,56,Male,7.54,12.14,7,1.39,1.68,1.81,New York,Sunday
428,53,Male,11.3,8.48,28,4.7,3.08,2.62,Los Angeles,Monday
429,50,Female,10.64,1.99,24,0.62,4.63,3.35,Chicago,Tuesday
430,47,Male,4.06,5.97,6,4.38,4.81,1.35,New York,Wednesday
431,54,Female,10.37,5.78,20,4.85,2.54,1.39,Phoenix,Thursday
432,40,Female,1,3.36,8,0.89,2.26,4.67,Houston,Friday
433,27,Male,1.19,6.66,26,3.61,1.39,3.62,Los Angeles,Saturday
434,22,Female,7.63,5.32,26,0.2,4.79,2.89,New York,Sunday
435,53,Female,5.01,5.44,25,2.03,0.71,3.24,Chicago,Monday
436,51,Female,5.25,10.61,24,2.58,2.9,0.15,Houston,Tuesday
437,48,Female,7.21,3.9,4,2.9,1.41,3.09,Houston,Wednesday
438,27,Male,3.11,9.34,25,4.68,1.4,2.55,New York,Thursday
439,36,Male,3.33,8.42,13,3.36,2.02,2.73,Chicago,Friday
440,49,Female,6.33,8.39,16,2.41,4.99,1.8,Los Angeles,Saturday
441,18,Male,9.3,9.62,7,4.05,0.27,0.41,New York,Sunday
442,22,Male,7.81,8.13,8,4.75,2.89,0.97,Los Angeles,Monday
443,21,Male,4.27,12.43,12,0.11,0.41,4.75,Houston,Tuesday
444,33,Male,5.73,9.78,10,4.91,0.77,2.04,Los Angeles,Wednesday
445,41,Male,2.88,8.11,16,0.43,2.2,2.33,Chicago,Thursday
446,33,Female,1.82,11.79,26,4.07,2.55,0.26,Phoenix,Friday
447,19,Male,9.61,8.88,5,1.4,1.29,0.19,Chicago,Saturday
448,45,Male,3.92,4.78,14,0.66,1.58,3.59,Los Angeles,Sunday
449,49,Male,2.96,3.69,18,2.2,0.43,2.69,New York,Monday
450,44,Male,8.61,2.98,25,3.22,1.52,2.54,Houston,Tuesday
451,37,Female,7.8,12.69,19,1.9,4.83,1.22,Phoenix,Wednesday
452,41,Female,7.97,10.23,3,0.27,4.72,3.72,New York,Thursday
453,29,Female,3.52,13.19,25,3,1.67,0.84,New York,Friday
454,52,Female,3.56,8.84,12,4.51,2.85,0.95,Chicago,Saturday
455,50,Male,3.43,7.15,27,1.92,4.55,2.3,Los Angeles,Sunday
456,50,Female,2.91,1.78,25,1.08,0.03,1.43,Chicago,Monday
457,54,Male,8.21,9.73,12,2.21,4.05,1.24,Los Angeles,Tuesday
458,29,Male,10.33,8.57,23,0.24,4.74,3.23,Chicago,Wednesday
459,20,Male,8.97,13.87,26,4.1,0.46,3.25,New York,Thursday
460,18,Male,9.71,4.11,4,4.13,0.81,4.12,Houston,Friday
461,50,Male,5.45,7.9,11,2.94,4.8,2.09,Los Angeles,Saturday
462,57,Female,8.19,9.46,24,1.77,2.69,0.37,Phoenix,Sunday
463,27,Female,4.9,9.38,15,4,0.07,1.37,Phoenix,Monday
464,46,Female,6.78,8.3,27,2.77,1.29,4.9,New York,Tuesday
465,30,Female,6.3,11.1,18,4.13,2.25,2.98,Chicago,Wednesday
466,29,Male,2.95,3.66,20,3.16,3.46,3.55,Chicago,Thursday
467,48,Female,5.26,10.43,21,3.92,3.67,0.04,New York,Friday
468,19,Male,11.6,9.06,14,2.99,4.98,2.59,Phoenix,Saturday
469,52,Female,3.73,12.65,10,2.07,1.44,0.19,Phoenix,Sunday
470,40,Male,2.47,12.01,19,4.79,2.69,2.85,Chicago,Monday
471,34,Male,5.6,5.1,17,2.71,2.67,4.6,Los Angeles,Tuesday
472,43,Female,9.69,4.59,12,3.03,2.03,4.84,Houston,Wednesday
473,25,Male,7.4,13.76,17,1.1,0.85,2.7,Los Angeles,Thursday
474,46,Male,8.49,7.85,17,3.13,4.89,2.29,Phoenix,Friday
475,43,Female,3.09,12.78,25,2.86,4.27,4.73,Los Angeles,Saturday
476,27,Male,7.81,3.13,9,0.92,2.49,3.37,Houston,Sunday
477,43,Female,4.56,9.36,15,0.3,3.02,0.32,Los Angeles,Monday
478,51,Female,10.18,11.53,19,3.02,1.14,2.33,Los Angeles,Tuesday
479,58,Female,7.92,13.32,11,3.82,2.72,1.2,Los Angeles,Wednesday
480,24,Male,3.19,5.39,10,2.62,3.47,2.35,Los Angeles,Thursday
481,21,Male,1.71,10.42,22,1.13,2.58,2.28,New York,Friday
482,28,Male,1.47,8,28,3.33,4.95,2.91,Phoenix,Saturday
483,46,Female,5.09,1.79,29,0.4,3.06,1.78,Houston,Sunday
484,53,Male,3.92,9.97,23,2.21,1.85,0.82,Phoenix,Monday
485,42,Female,8.11,9.97,20,0.82,3.86,2.52,New York,Tuesday
486,38,Female,6.49,13.1,15,0.92,0.85,4.15,New York,Wednesday
487,53,Male,3.93,7.47,18,1.01,1.92,3.32,New York,Thursday
488,27,Female,2.64,3.99,11,1.93,1.73,1.69,New York,Friday
489,54,Male,2.4,1.58,14,0.26,2.16,4.68,Los Angeles,Saturday
490,26,Male,10.51,6.4,14,1.99,3.91,4.56,Phoenix,Sunday
491,41,Male,3.68,4.92,8,2.56,2.42,1.05,Chicago,Monday
492,52,Male,8.17,10.89,21,2.42,3.97,0.2,Houston,Tuesday
493,52,Male,9.92,5.61,9,1.91,2.88,3.71,New York,Wednesday
494,53,Female,7.75,13.34,27,4.2,1.71,4.14,Phoenix,Thursday
495,35,Female,10.46,13.51,5,0.73,4.05,4.84,New York,Friday
496,56,Female,5.32,9.07,18,2.53,1.19,4.45,New York,Saturday
497,49,Male,11.52,13.07,20,0.31,1.12,3,New York,Sunday
498,41,Male,2.46,10.89,18,0.36,2.52,2.65,New York,Monday
499,40,Male,2.12,8.11,25,2.87,1.3,0.14,New York,Tuesday
500,49,Female,8.25,3.34,9,2.83,0.05,1.23,Houston,Wednesday
501,54,Male,11.37,6.96,6,4.39,3.24,2.3,Phoenix,Thursday
502,29,Female,9.9,8.29,29,2.79,2.56,3.14,New York,Friday
503,30,Female,1.84,12.23,27,4.8,2.23,2.79,New York,Saturday
504,40,Male,4.07,7.26,10,0.24,4.83,3.71,New York,Sunday
505,42,Male,11.23,12.67,15,0.49,2.86,1.4,New York,Monday
506,52,Female,3.78,9.77,15,0.22,4.32,2.82,Los Angeles,Tuesday
507,58,Male,9.59,2.78,19,0.93,0.7,0.44,Los Angeles,Wednesday
508,47,Female,10.08,13.93,19,2.71,2.85,2.07,Chicago,Thursday
509,34,Male,6.45,7.85,7,3.23,4.34,3.75,New York,Friday
510,37,Male,5.25,6.09,8,0.23,2.92,3.47,Chicago,Saturday
511,42,Female,5.95,9.57,21,4.73,3.59,4.95,Houston,Sunday
512,39,Male,3.5,2.42,15,4.21,1.86,1.39,Chicago,Monday
513,30,Female,10.78,9.28,27,1.48,0.46,2.49,Phoenix,Tuesday
514,36,Male,5.96,7.48,28,0.39,2.29,1.65,Los Angeles,Wednesday
515,53,Female,10.71,6.29,16,0.85,1.97,2.2,Los Angeles,Thursday
516,29,Female,2.16,13.39,24,0.63,4.34,4.28,New York,Friday
517,58,Male,11.87,7.79,6,0.62,1.22,3.42,New York,Saturday
518,36,Female,5.88,3.85,9,2.59,4.83,4.41,Houston,Sunday
519,29,Male,1.53,6.97,10,1.23,4.79,1.02,Houston,Monday
520,26,Male,1.42,12.95,27,1.79,1.24,4.37,Phoenix,Tuesday
521,24,Male,9.21,3.29,15,4.95,1.74,0.3,New York,Wednesday
522,45,Female,8.25,3.78,29,3.42,4.48,4.44,New York,Thursday
523,31,Female,9.82,1.17,8,4.74,4.83,1.65,Houston,Friday
524,48,Male,2.16,1.18,8,0.71,2.22,1.57,Houston,Saturday
525,36,Male,1.39,11.78,26,1.91,1.6,2.56,Houston,Sunday
526,33,Female,6.59,10.52,23,2.77,2.63,4.7,Los Angeles,Monday
527,22,Male,5.26,5.62,5,0.38,3.44,0.24,Chicago,Tuesday
528,52,Male,6.08,10.08,5,0.02,1.37,1.76,Chicago,Wednesday
529,29,Female,11.91,6.14,15,3.35,3.68,4.28,New York,Thursday
530,42,Male,11.68,13.39,24,3.21,0.26,1.98,Los Angeles,Friday
531,38,Female,11.37,13.57,4,2.05,0.25,1,Houston,Saturday
532,53,Male,9.62,6.11,18,2.45,1.93,2.12,New York,Sunday
533,40,Female,4.9,12.1,24,2.08,1.77,1.93,Los Angeles,Monday
534,33,Male,5.53,11.05,8,0.12,1.58,4.58,Phoenix,Tuesday
535,56,Male,7.05,5.03,10,1.68,2.46,3.81,Los Angeles,Wednesday
536,59,Female,10.14,4.02,25,0.89,1.6,2.53,New York,Thursday
537,56,Male,1.76,6.96,10,0.49,0.96,4.94,Chicago,Friday
538,31,Female,5.67,11.16,27,4.78,1.55,2.33,Houston,Saturday
539,48,Male,1.91,13.48,8,3,4.87,0.29,Phoenix,Sunday
540,22,Female,6.66,10.93,16,3.64,2.06,1.31,Los Angeles,Monday
541,52,Female,10.89,12.12,5,1.58,2.22,2.18,New York,Tuesday
542,40,Female,9.61,8.84,12,1.97,2.88,0.78,New York,Wednesday
543,46,Female,3.51,11.86,5,1.18,4.92,4.74,Houston,Thursday
544,28,Male,11.74,11.2,29,0.48,1.21,3.83,New York,Friday
545,35,Male,8.34,5.9,14,0.9,3.41,1.34,New York,Saturday
546,29,Female,1.11,8.18,19,3.99,3.58,2.95,Houston,Sunday
547,26,Female,3.81,11.46,29,3.39,3.04,3.61,Phoenix,Monday
548,27,Female,3.87,1.6,7,2.73,0.44,4.71,Chicago,Tuesday
549,34,Male,1.76,11.51,22,2.38,3.38,4.41,Chicago,Wednesday
550,55,Male,11.56,3.31,27,4.61,0.32,2.58,Los Angeles,Thursday
551,24,Male,6.26,7.69,11,0.36,2.98,3.87,Phoenix,Friday
552,30,Male,10.85,11.51,23,1.4,3.7,2.81,Los Angeles,Saturday
553,57,Female,4.54,4.3,28,1.75,1.05,2.76,Chicago,Sunday
554,59,Female,2.38,4.2,22,3.91,4.21,0.57,Houston,Monday
555,26,Female,6.22,6.24,9,4.96,0.15,0.63,New York,Tuesday
556,44,Male,2.25,12.63,24,1.2,4.22,2.65,Chicago,Wednesday
557,19,Male,6.35,1.01,6,4.37,2.3,1.34,Phoenix,Thursday
558,22,Male,11.12,12.72,15,4.15,1.09,0.11,Chicago,Friday
559,46,Female,6.73,3,15,1.12,0.67,3.61,Phoenix,Saturday
560,54,Female,7.78,13.87,12,2,4.77,0.16,Phoenix,Sunday
561,55,Male,2.72,13.41,20,2.05,0.36,2.98,Phoenix,Monday
562,36,Female,1.48,7.43,19,4.89,1,2.7,Los Angeles,Tuesday
563,25,Male,2.22,7.67,22,0.9,1.74,4.84,Houston,Wednesday
564,18,Male,7.58,7.26,22,4,3.1,2.42,Chicago,Thursday
565,39,Female,2.05,9.26,15,1.67,2.72,0.32,Houston,Friday
566,34,Male,5.14,2.18,19,3.65,0.63,2.76,New York,Saturday
567,24,Female,7.05,1.42,24,2.1,1.45,4.21,Chicago,Sunday
568,42,Male,5.28,1.75,6,2.89,1.19,4.98,Houston,Monday
569,21,Female,2.8,6.78,3,4.16,1.07,2.15,Houston,Tuesday
570,53,Female,4.01,4.58,3,4.02,2.06,1.6,New York,Wednesday
571,23,Female,11.21,9.09,17,4.33,3.52,4.53,Phoenix,Thursday
572,48,Male,8.44,13.9,15,0.3,1.09,0.96,Chicago,Friday
573,36,Male,6.46,6.02,19,3.46,1.83,3.08,Chicago,Saturday
574,56,Female,1.14,8.46,26,0.7,1.95,2.03,New York,Sunday
575,44,Female,11.92,6.4,28,2.08,4.88,0.21,Phoenix,Monday
576,27,Male,8.39,12.01,10,2.74,4.77,1.74,Chicago,Tuesday
577,43,Male,4.49,12.73,20,2.01,4,1.33,Chicago,Wednesday
578,36,Male,10.67,12.41,29,2.6,1.21,3.43,Chicago,Thursday
579,56,Female,3.84,13.67,15,4.98,0.34,4.74,Phoenix,Friday
580,20,Male,6.98,1.36,25,0.68,1.58,1.34,New York,Saturday
581,30,Male,8,11.92,16,3.38,1.33,4.06,Chicago,Sunday
582,45,Female,3.43,10.77,10,1.98,2.53,0.28,Houston,Monday
583,37,Male,11.76,3.97,10,0.67,3.89,2.69,Phoenix,Tuesday
584,45,Male,9.23,13.43,29,0.79,4.29,0.35,Los Angeles,Wednesday
585,25,Male,7.14,2.93,28,4.75,4.22,4.67,New York,Thursday
586,58,Female,2.99,9.83,17,4.4,1.8,3.83,Houston,Friday
587,56,Female,1.59,3.92,29,4.54,3.44,3.29,Chicago,Saturday
588,18,Female,4.52,6.61,15,4.96,1.56,4.12,Los Angeles,Sunday
589,20,Female,9.29,10.35,9,1.04,0.3,3.24,New York,Monday
590,30,Female,3.96,8.32,7,1.78,3.51,4.84,Phoenix,Tuesday
591,45,Female,6.94,6.56,19,3.35,0.05,3.57,Los Angeles,Wednesday
592,42,Female,9.01,5.24,27,2.42,2.05,4.62,Los Angeles,Thursday
593,50,Male,2.19,11.92,18,2.09,1.65,2.59,Houston,Friday
594,55,Male,8.54,2.87,25,1.79,3.47,0.59,New York,Saturday
595,23,Female,2.01,6.59,4,2.97,3.83,2.64,Houston,Sunday
596,49,Male,11.62,12.75,24,2.88,1.52,0.63,Houston,Monday
597,38,Male,6.37,12,20,0.81,4.06,2.96,Chicago,Tuesday
598,33,Female,2.66,6.21,19,2.36,1.47,2.41,Phoenix,Wednesday
599,38,Male,4.77,10.92,9,2.77,2.23,3.11,Los Angeles,Thursday
600,28,Male,5.55,11.7,15,2.85,3.64,0.05,New York,Friday
601,54,Male,9.34,12.56,20,1.05,3.46,0.97,Phoenix,Saturday
602,53,Male,9.18,8.08,16,3.71,4.94,2.46,Phoenix,Sunday
603,52,Male,7.73,3.66,20,0.13,1.13,4.75,New York,Monday
604,36,Female,2.17,4.32,15,1.77,3.31,1.92,Phoenix,Tuesday
605,37,Female,2.67,4.84,13,3.9,3.05,2.12,Chicago,Wednesday
606,35,Female,2.03,8.72,23,2.82,4.58,3.57,Phoenix,Thursday
607,58,Male,7.35,1.43,23,1.31,0.78,3.02,Chicago,Friday
608,31,Female,10.65,9.27,18,3.47,3.76,1.49,Los Angeles,Saturday
609,32,Male,5.77,5.74,25,2.84,2.84,2.05,Los Angeles,Sunday
610,48,Male,2.77,4.84,19,3.98,1.37,1.09,Houston,Monday
611,18,Male,7.14,12.43,10,3.68,2.37,4.83,Chicago,Tuesday
612,20,Male,9.93,6.98,21,3.05,1.67,0.65,Los Angeles,Wednesday
613,33,Female,9.16,2.24,22,2.44,2.9,1.86,Phoenix,Thursday
614,40,Female,10.7,11.75,17,0.67,4.45,0.13,New York,Friday
615,28,Male,4.06,1.62,11,1.31,2.85,1.11,New York,Saturday
616,29,Female,3.13,10.45,22,2.1,3.16,3.9,Chicago,Sunday
617,27,Male,10.68,11.06,12,3,2.59,1.01,Houston,Monday
618,49,Female,8.23,5.58,14,2.57,0.26,0.4,Phoenix,Tuesday
619,33,Female,4.42,11.72,23,1.44,1.16,2.37,Chicago,Wednesday
620,25,Male,9.17,7.7,25,0.03,2.46,0.05,New York,Thursday
621,55,Female,9.97,7.02,22,2.48,1.55,0.42,Chicago,Friday
622,29,Male,7.76,1.59,3,1.43,0.91,4.04,Phoenix,Saturday
623,41,Female,8.57,4.77,27,3.67,2.52,3.86,Los Angeles,Sunday
624,45,Male,5.13,13.1,22,0.12,1.61,4.58,Phoenix,Monday
625,25,Male,6.93,6.09,11,2.92,1.29,4.27,Los Angeles,Tuesday
626,45,Female,6.77,8.11,24,4.71,2.32,3.42,Los Angeles,Wednesday
627,53,Female,10.33,7.92,17,0.87,0.67,0.26,Los Angeles,Thursday
628,43,Male,10.24,8.68,3,2.36,4.64,3.91,Chicago,Friday
629,25,Female,10.16,1.8,14,0.46,4.34,4.23,New York,Saturday
630,45,Female,1.12,5.71,5,3.13,3.54,4,Chicago,Sunday
631,45,Male,9.25,10.4,13,2.75,0.53,2.54,New York,Monday
632,54,Male,9.35,3.61,4,2.04,3.88,1.16,Phoenix,Tuesday
633,58,Female,8.46,3.65,18,2.61,4.04,4.23,Houston,Wednesday
634,53,Male,9.32,1.13,11,4.48,3.84,3.64,Phoenix,Thursday
635,44,Male,10.26,6.69,17,0.98,0.57,4.9,Chicago,Friday
636,34,Male,6.17,12.48,14,0.11,3.22,0.78,Chicago,Saturday
637,26,Female,6.52,1.67,3,4.31,4.17,1.13,New York,Sunday
638,50,Female,2.37,3.48,15,2.89,2.89,1.06,Chicago,Monday
639,37,Male,5.24,5.03,16,4.45,3.23,3.96,Los Angeles,Tuesday
640,30,Female,8.08,10.51,27,2.98,2.29,0.93,Chicago,Wednesday
641,45,Male,9.58,9.33,27,4.05,2.64,0.33,New York,Thursday
642,46,Female,3.39,6.41,10,2.15,0.17,4.99,New York,Friday
643,30,Male,2.52,10.87,10,3.75,3.19,0.12,Los Angeles,Saturday
644,52,Male,8.29,8.93,29,4.57,0.41,4.18,New York,Sunday
645,23,Female,1.02,12.65,14,2.86,2.18,1.83,Houston,Monday
646,35,Male,2.96,11.63,3,0.9,1.46,4.21,Phoenix,Tuesday
647,22,Female,1.32,4.29,13,1.34,2.73,2.77,Chicago,Wednesday
648,42,Female,2.84,4.53,10,0.99,0.67,4.51,Houston,Thursday
649,19,Male,2.99,2.63,12,1.23,3.46,4.63,Chicago,Friday
650,27,Male,5.26,5.38,21,1.53,3.98,0.05,Houston,Saturday
651,47,Female,5.43,13.99,13,2.78,0.82,0.38,Chicago,Sunday
652,22,Male,10.62,6.27,9,2.94,0.52,1.25,Los Angeles,Monday
653,50,Male,6.61,3.87,13,2.13,0.73,3.35,New York,Tuesday
654,18,Male,8.96,10.91,19,3.08,4.39,4.44,New York,Wednesday
655,35,Male,2.15,8.05,3,0.41,2.64,2.3,Los Angeles,Thursday
656,49,Male,3.48,2.94,28,0.44,2.34,3.03,Houston,Friday
657,28,Female,8.73,5.95,23,0.86,0.53,0.94,Phoenix,Saturday
658,38,Female,1.58,6.39,23,2.59,3.25,4.02,Houston,Sunday
659,43,Male,6.35,10.8,10,1.07,4.34,4.84,New York,Monday
660,42,Male,7.59,1.27,25,1.42,4.14,1.34,Phoenix,Tuesday
661,39,Male,7.62,4.5,26,2,3.13,2.47,Chicago,Wednesday
662,44,Female,1.25,7.73,8,4.06,0.38,0.43,Phoenix,Thursday
663,30,Male,4.54,4.5,24,0.07,0.56,2.8,Houston,Friday
664,50,Female,8,9.17,20,3.25,0.25,2.51,Los Angeles,Saturday
665,51,Female,2.64,7.26,8,3.34,1.29,0.72,Chicago,Sunday
666,58,Female,8.65,5.7,7,3.99,0.68,2.21,Houston,Monday
667,52,Male,9.21,13.34,15,4.66,1.3,1.67,Chicago,Tuesday
668,18,Female,11.8,9.22,21,0.1,1.93,2.61,Phoenix,Wednesday
669,38,Male,3.31,2.69,24,0.77,4.71,2.93,New York,Thursday
670,23,Female,10.08,8.28,10,4.43,3.05,0.04,Houston,Friday
671,45,Male,6.72,11.15,11,2.29,4.17,3.81,Los Angeles,Saturday
672,34,Female,5.11,10.21,19,2.82,3.55,3.57,Phoenix,Sunday
673,22,Male,2.35,3.24,5,3.32,0.56,1.83,Houston,Monday
674,48,Female,9.09,13.64,21,3.4,3.68,0.26,Los Angeles,Tuesday
675,22,Male,3.59,6.83,13,4.66,1.38,3.77,Houston,Wednesday
676,55,Male,5.09,3.07,26,4.98,3.2,4.78,Phoenix,Thursday
677,20,Male,1.69,3.34,19,3.6,1.7,1.2,Houston,Friday
678,40,Male,9.82,2.28,23,1.44,4.99,1.62,Chicago,Saturday
679,54,Female,9.43,11.45,21,4.4,1.32,0.92,Phoenix,Sunday
680,54,Female,9.07,2.59,4,0.25,1.4,2.88,Houston,Monday
681,27,Male,4.29,2.63,10,1.16,4.65,0.77,New York,Tuesday
682,27,Female,2.91,12.06,21,4.49,0.12,1.78,Houston,Wednesday
683,36,Male,8.01,5.48,9,1.28,3.48,3.49,Chicago,Thursday
684,34,Male,6.46,1.4,29,1.1,3.63,2.8,Los Angeles,Friday
685,38,Female,2.96,1.67,19,0.69,4.18,1.93,Los Angeles,Saturday
686,31,Male,8.55,2.85,8,4.3,4.87,2.1,Los Angeles,Sunday
687,26,Male,11.9,3.77,21,2.5,4.88,2.81,New York,Monday
688,18,Female,9.22,9.65,26,3.37,0.33,0.03,Chicago,Tuesday
689,30,Male,9.14,3.05,8,1.2,4.11,0.39,Phoenix,Wednesday
690,21,Male,11.45,2.55,4,3.79,3.23,4.41,Los Angeles,Thursday
691,18,Male,3.23,10.94,8,3.8,3.24,0.39,Chicago,Friday
692,57,Male,7.22,9.72,25,1.56,0.64,3.53,Houston,Saturday
693,49,Female,11.78,6.66,7,2.05,3.25,4.6,New York,Sunday
694,51,Female,2.82,8.14,21,1.05,4.91,1.35,Chicago,Monday
695,45,Female,8.7,5.06,22,4.88,4.56,1.85,Chicago,Tuesday
696,48,Male,7.44,7.27,6,3.23,2.2,2.84,Phoenix,Wednesday
697,25,Male,7.45,7.59,24,4.67,0.2,4.41,Chicago,Thursday
698,56,Female,8.67,6.03,28,1.52,1.81,4.71,Phoenix,Friday
699,43,Male,11.23,12.79,19,3.91,4.13,3.7,New York,Saturday
700,51,Male,9.61,1.21,13,3.83,3.51,0.43,New York,Sunday
701,20,Male,1.62,11.17,6,3.46,2.3,3.35,Houston,Monday
702,29,Male,10.38,2.62,28,4.83,0.28,2.05,Phoenix,Tuesday
703,18,Female,3.48,11.37,15,1.97,2.13,2.35,Phoenix,Wednesday
704,22,Female,5.15,9.01,22,0.65,2.35,0.25,Los Angeles,Thursday
705,47,Female,6.08,11.96,28,3.36,4.64,0.96,Los Angeles,Friday
706,47,Male,6.29,2.27,19,3.65,3.21,3.95,Houston,Saturday
707,34,Female,5.79,8.27,11,2.88,1.56,2.27,New York,Sunday
708,40,Female,11.31,7.51,6,1.03,2.63,1.51,Los Angeles,Monday
709,32,Male,8.77,10.18,25,2.52,0.33,1.92,Chicago,Tuesday
710,54,Male,7.94,7.95,16,1.56,4.86,4.27,New York,Wednesday
711,38,Female,1.55,8.03,21,2.14,1.8,3.74,Chicago,Thursday
712,31,Female,10.94,6.58,28,3.23,2.39,1.36,Phoenix,Friday
713,19,Female,11,5.01,5,3.73,1.78,0.59,New York,Saturday
714,28,Female,9.58,7.27,16,1.16,3.41,1.26,Houston,Sunday
715,56,Male,1.08,2.54,10,2.03,3.31,4.6,Phoenix,Monday
716,55,Female,1.63,13.5,26,1.35,3.58,2.91,Phoenix,Tuesday
717,51,Female,3.48,10.29,29,0.99,1.34,2.67,Chicago,Wednesday
718,55,Male,2.44,13.38,3,3.92,1.58,2.98,Phoenix,Thursday
719,51,Female,5.39,3.95,12,4.55,0.63,1.83,Los Angeles,Friday
720,35,Male,11.15,12.43,20,1.85,3.28,4.04,New York,Saturday
721,47,Male,6.19,11.51,18,3.76,0.2,2.62,Los Angeles,Sunday
722,32,Male,1.15,9.8,10,4.48,2.99,0.58,Chicago,Monday
723,44,Female,4.11,9.13,3,4.23,4.35,0.65,Chicago,Tuesday
724,51,Female,1.49,5.12,14,0.91,4.45,2.68,New York,Wednesday
725,55,Male,1.4,11.61,10,4.78,2.25,4.68,Phoenix,Thursday
726,50,Female,4.03,7.52,26,1.88,2.3,1.54,Houston,Friday
727,41,Female,4.03,1.92,18,1.7,0.38,4.35,Chicago,Saturday
728,32,Male,9.66,5.07,20,0.31,3.35,3.82,New York,Sunday
729,47,Male,11.72,13.16,6,2.43,4.11,1.24,Houston,Monday
730,59,Female,5.08,12.06,8,0.55,1.22,0.18,Phoenix,Tuesday
731,34,Male,5.72,13.76,14,1.24,2.11,0.51,Chicago,Wednesday
732,22,Female,10.29,9.16,29,1.58,4.19,3.64,New York,Thursday
733,46,Female,3.95,4.22,11,4.04,4.39,1,New York,Friday
734,21,Female,2.72,3.12,17,4.38,1.22,1.86,New York,Saturday
735,27,Female,10.38,3.43,18,1.51,2.75,2.51,Chicago,Sunday
736,34,Male,1.51,1.26,26,4.29,0.96,3.63,Houston,Monday
737,27,Male,7.82,6.08,14,4.29,0.51,0.57,New York,Tuesday
738,34,Male,7.18,3.49,26,3.82,4.56,2.03,Phoenix,Wednesday
739,37,Male,4.81,6.35,25,0.73,4.1,2.43,New York,Thursday
740,41,Female,4.47,13.15,16,3.45,3.8,2.7,Houston,Friday
741,22,Female,9.49,6.6,15,4.73,0.24,4.09,Chicago,Saturday
742,51,Male,1.95,12.41,27,3.41,4.22,0.86,New York,Sunday
743,23,Female,3.6,8.87,4,1.66,2.19,4.04,New York,Monday
744,19,Female,9.06,4.21,5,2.5,1.71,3.46,Phoenix,Tuesday
745,30,Female,7.03,5.63,28,3.23,2.73,2.78,Phoenix,Wednesday
746,28,Male,2.41,2.09,26,2.55,0.46,3.5,New York,Thursday
747,40,Male,10.7,5.34,24,0.6,3.78,2.06,New York,Friday
748,33,Male,5.33,9.81,12,1.56,2.91,0.69,Phoenix,Saturday
749,48,Female,10.11,1.94,11,4.01,0.93,3.33,Houston,Sunday
750,28,Male,9.66,3.67,28,4.31,0.94,2.62,Los Angeles,Monday
751,33,Male,7.87,5.96,22,0.69,0.92,3.2,Los Angeles,Tuesday
752,25,Male,6.44,13.77,10,4.76,0.29,1.69,New York,Wednesday
753,21,Male,11.78,11.2,12,1.64,2.94,4.53,Phoenix,Thursday
754,57,Male,2.59,10.54,21,3.31,4.2,2.94,Chicago,Friday
755,21,Male,8.98,2.51,5,3.76,0.09,0.43,Chicago,Saturday
756,42,Female,3.1,11.15,26,4.06,0.25,2.25,Los Angeles,Sunday
757,20,Female,4.72,11.21,7,4.73,2.86,3.78,Houston,Monday
758,49,Male,4.4,8.81,5,1.56,4.1,3.97,Los Angeles,Tuesday
759,20,Male,11.42,13.87,28,4.29,1.63,2.47,New York,Wednesday
760,44,Female,11.64,5.23,29,0.66,1.75,4.47,Houston,Thursday
761,46,Female,3.01,13.24,18,3.53,2.98,1.34,Chicago,Friday
762,49,Male,1.24,12.89,19,3.71,1.37,2.05,Phoenix,Saturday
763,36,Male,8.92,1.15,17,3.39,0.13,4.49,Phoenix,Sunday
764,38,Male,5.6,6.85,5,1.26,3.68,4.48,New York,Monday
765,22,Male,1.98,13.7,14,4.37,3.13,3.43,Los Angeles,Tuesday
766,35,Female,8.52,2.34,11,0.84,2.9,4.29,New York,Wednesday
767,45,Male,7,8.12,23,0.27,3.71,0.44,Phoenix,Thursday
768,59,Male,11.79,13.73,14,3.59,3.38,4.32,Chicago,Friday
769,39,Male,3.5,8.22,28,2.38,1.03,1.6,Phoenix,Saturday
770,38,Male,5.44,3.47,17,4.25,1.76,0.89,Houston,Sunday
771,23,Female,6.97,8.57,4,1.92,0.63,1.2,Phoenix,Monday
772,18,Female,9.71,3.66,25,0.84,0.65,2.09,Phoenix,Tuesday
773,22,Female,7.04,7.76,20,4.18,3.38,1.26,Houston,Wednesday
774,58,Male,7.74,1.96,22,2.74,4.29,1.6,Los Angeles,Thursday
775,29,Male,3.49,8.87,14,0.95,4.81,0.67,Phoenix,Friday
776,43,Female,10.32,7.72,25,3.6,3.14,1.48,New York,Saturday
777,51,Male,5.71,10.62,6,2.56,0.92,2.86,Phoenix,Sunday
778,31,Male,2.55,9.2,25,3.02,0.53,2.21,New York,Monday
779,43,Female,8.31,8.14,18,2.3,4.06,1.73,Houston,Tuesday
780,44,Female,3.38,9.97,25,4.14,2.89,3.73,Phoenix,Wednesday
781,26,Female,2.07,2.87,18,4.15,3.09,4.47,Houston,Thursday
782,43,Female,10.48,8.74,3,3.55,3.91,3.78,Houston,Friday
783,39,Male,6.06,3.24,24,0.53,3.52,1.66,Los Angeles,Saturday
784,47,Male,9.24,13.03,27,4.19,4.17,3.72,Phoenix,Sunday
785,34,Female,4.2,1.89,4,3.36,0.28,0.76,New York,Monday
786,43,Male,9.66,6.59,5,3.49,3.74,0.65,New York,Tuesday
787,53,Female,2.23,10.05,28,1.81,4.25,1.73,Phoenix,Wednesday
788,18,Female,4.92,6.95,23,4.4,1.43,4.04,Los Angeles,Thursday
789,25,Male,11.76,2.2,27,3.63,3.2,1.23,Los Angeles,Friday
790,52,Female,9.73,8.19,22,0.56,1.57,0.32,Los Angeles,Saturday
791,32,Male,6.47,9.34,19,2.04,4.79,0.66,New York,Sunday
792,39,Male,4.74,10.15,22,4.43,0.17,4.29,Houston,Monday
793,31,Male,10.59,5.85,24,0.24,2.9,3.17,Los Angeles,Tuesday
794,43,Male,6.99,8.33,23,4.81,0.83,1.27,New York,Wednesday
795,45,Female,9.34,6.86,3,3.4,3.56,2.78,New York,Thursday
796,40,Male,9.3,9.74,22,3.16,0.88,2.64,Houston,Friday
797,31,Female,1.2,8.59,8,1.35,1.18,3.28,Phoenix,Saturday
798,41,Female,2.39,7.83,17,1.24,2.47,1.17,Phoenix,Sunday
799,19,Female,8.26,4.24,28,4.71,4.57,4.32,Los Angeles,Monday
800,43,Female,2.78,1.03,28,1.49,1.06,1.55,Los Angeles,Tuesday
801,31,Male,3.81,3.26,16,3.88,0.72,3.47,Houston,Wednesday
802,24,Male,11.41,2.52,22,1.97,3.79,0.08,Los Angeles,Thursday
803,20,Female,7.16,6.84,17,0.7,2.5,1.86,Houston,Friday
804,40,Female,9.26,8.96,16,0.05,4.56,1.76,New York,Saturday
805,35,Male,7.14,3.77,27,2.72,0.73,2.72,Los Angeles,Sunday
806,55,Female,7.08,13.21,23,4.88,3.23,0.36,New York,Monday
807,52,Male,2.04,1.09,26,1.85,1.16,3.95,Chicago,Tuesday
808,32,Female,4.78,11.04,27,1.79,0.78,1.09,Houston,Wednesday
809,42,Male,4.11,9.13,28,1.72,3.42,3.39,Chicago,Thursday
810,54,Female,5.3,5.86,7,2.6,2.97,4.02,Los Angeles,Friday
811,45,Female,9.78,1.66,8,2.2,3.77,2.81,New York,Saturday
812,27,Male,5.09,9.16,19,4.4,1.55,3.7,Los Angeles,Sunday
813,56,Female,5.97,6.01,13,2.53,2.24,3.31,Chicago,Monday
814,34,Female,5.37,13.17,18,2.54,2.03,1.78,Los Angeles,Tuesday
815,56,Male,2.03,8.05,14,0.69,4.92,4.04,Phoenix,Wednesday
816,39,Female,5.85,13.22,17,4.91,1.46,1.47,Chicago,Thursday
817,43,Male,3.15,3.87,25,1.25,1.47,2.86,Los Angeles,Friday
818,42,Male,3.05,10.43,6,0.37,1.77,3.73,New York,Saturday
819,34,Female,2.03,9.02,29,3.32,2.82,1.89,Los Angeles,Sunday
820,30,Female,4.92,10.61,20,2.98,1.26,1.51,New York,Monday
821,37,Female,9.33,3.79,23,2.08,4.58,2.3,Phoenix,Tuesday
822,42,Female,4.04,9.64,5,2.11,1.33,4.09,Los Angeles,Wednesday
823,21,Female,4.44,7.47,24,3.93,4.48,4.65,Phoenix,Thursday
824,27,Female,8.07,10.66,10,0.98,0.52,2.73,Chicago,Friday
825,20,Female,3.15,5.25,25,4.1,3.28,3.31,New York,Saturday
826,58,Male,10.87,12.57,5,3.24,4.53,4.52,Chicago,Sunday
827,35,Female,6.72,2.1,10,2.09,0.84,0.49,New York,Monday
828,53,Male,5.92,11.49,20,2.29,4.84,1.16,Phoenix,Tuesday
829,39,Female,7.14,12.2,12,1.28,2.26,3.54,Houston,Wednesday
830,51,Female,2.83,11.62,27,3.76,4.73,4.12,Los Angeles,Thursday
831,25,Male,7.75,7.67,22,2.56,3.38,4.29,Phoenix,Friday
832,57,Female,4.99,6.7,19,1.6,1.51,2.08,New York,Saturday
833,36,Female,10.87,13.95,10,2.98,0.94,0.45,New York,Sunday
834,59,Male,2.86,3.98,25,4.98,1.52,2.19,New York,Monday
835,58,Female,6.58,8.11,13,2.18,0.47,1.15,New York,Tuesday
836,54,Female,7.58,9.72,7,4.6,0.72,1.46,Los Angeles,Wednesday
837,23,Female,1.37,10.11,28,1.73,0.52,3.86,Chicago,Thursday
838,43,Male,5,3.65,15,0.27,2.11,0.38,Houston,Friday
839,51,Female,9.06,9.5,23,1.02,3.98,4.14,Los Angeles,Saturday
840,23,Female,10.02,11.64,25,2.09,0.71,2.14,New York,Sunday
841,54,Female,4.44,1.65,7,1.1,0.65,2.98,Los Angeles,Monday
842,50,Female,9.78,12.85,26,0,3.22,0.45,Phoenix,Tuesday
843,39,Male,11.65,1.38,29,4.58,0.99,1.69,New York,Wednesday
844,38,Male,10.43,5.63,15,4.22,0.49,0.45,Houston,Thursday
845,23,Female,2.29,1.21,8,3.71,0.83,4.81,New York,Friday
846,23,Female,9.14,2,7,0.84,4.62,4.04,Houston,Saturday
847,21,Male,4.52,12.85,11,0.6,4.11,2.3,Houston,Sunday
848,47,Male,11.87,5.61,29,0.34,1.77,1.12,Chicago,Monday
849,28,Female,6.34,6.52,18,3.62,3.28,4.67,Chicago,Tuesday
850,47,Male,2.35,3.8,4,4.64,2.69,1.72,Los Angeles,Wednesday
851,48,Female,8.98,8.76,3,2.15,3.39,0.8,Los Angeles,Thursday
852,41,Male,4.55,8.73,10,0.6,3.41,2.82,Houston,Friday
853,26,Male,11.97,5.84,21,2.56,3.14,4.72,New York,Saturday
854,20,Male,11.78,5.33,13,1.74,1.33,0.02,Phoenix,Sunday
855,48,Male,8.22,12.5,14,1.87,0.2,1.19,Phoenix,Monday
856,57,Female,2.43,5.98,14,3.11,2.28,4.69,New York,Tuesday
857,54,Male,8.56,7.42,9,3.59,4.45,0.86,New York,Wednesday
858,53,Male,2.02,4.68,28,0.55,2.85,0.57,Chicago,Thursday
859,41,Female,1.32,11.23,15,0.18,4.16,2.85,Phoenix,Friday
860,48,Male,10.05,6.17,29,4.97,4.96,4.31,Houston,Saturday
861,23,Male,3.31,7.68,10,1.16,0.82,2.39,Los Angeles,Sunday
862,19,Female,5.17,4.29,24,0.27,3.46,4.97,Chicago,Monday
863,37,Male,11.71,13.84,28,0.95,3.37,3.4,Phoenix,Tuesday
864,45,Female,4.71,4.79,11,0.19,4.9,0.37,New York,Wednesday
865,28,Female,4.26,11.02,9,1.96,4.93,4.96,Phoenix,Thursday
866,21,Female,11.1,6.56,28,4.01,3.43,2.04,Houston,Friday
867,32,Female,2.22,3.68,23,1.71,1.22,1.44,Chicago,Saturday
868,23,Male,9.36,11.4,26,2.22,3.99,2.79,New York,Sunday
869,47,Female,11.87,5.34,17,3.38,0.54,1.52,Houston,Monday
870,55,Male,10.91,12.25,4,2.54,3.9,0.43,Los Angeles,Tuesday
871,19,Male,8.17,12.9,25,4.31,4.55,0.01,Chicago,Wednesday
872,32,Male,4.45,12.18,22,4.33,1.91,2.25,Houston,Thursday
873,28,Male,3.8,1.46,27,0.05,3.15,4.18,Houston,Friday
874,25,Male,10.01,11.24,14,3.89,2.15,2.86,New York,Saturday
875,43,Male,10.68,6.35,3,2.3,2.19,5,Los Angeles,Sunday
876,22,Male,6.78,12.36,25,4.94,1.55,1.43,Houston,Monday
877,23,Male,3.69,9.29,24,2.42,3.81,1.4,Chicago,Tuesday
878,43,Male,2.24,11.84,10,4.93,4.68,0.8,Houston,Wednesday
879,21,Male,1.96,7.49,7,3.77,4.7,0.82,Phoenix,Thursday
880,36,Female,8.91,7.96,17,1.24,0.87,1.43,Chicago,Friday
881,37,Female,5.62,2.88,3,2.69,4.37,3.96,Chicago,Saturday
882,50,Female,10.96,11.19,3,4.96,3.69,4.53,Houston,Sunday
883,37,Male,9.14,6.45,27,4.29,1.26,4.88,New York,Monday
884,29,Female,3.1,7.5,12,0.49,0.34,1.16,Chicago,Tuesday
885,18,Female,7.75,11.21,24,3.53,1.34,4.41,Phoenix,Wednesday
886,43,Female,5.79,8.78,12,1.73,4.56,1.64,New York,Thursday
887,31,Male,7.35,3.61,23,0.03,3.17,0.56,New York,Friday
888,55,Male,9.12,8.67,17,2.02,3.61,4.35,New York,Saturday
889,54,Male,9.87,6.3,19,1.17,1.29,3.18,Chicago,Sunday
890,28,Male,10.28,7.1,24,4.09,3.6,0.82,New York,Monday
891,53,Female,3.79,1.37,8,1.69,0.14,2.15,Houston,Tuesday
892,30,Female,1.34,3.73,5,4.14,1.88,1.44,New York,Wednesday
893,20,Female,9.13,4.65,15,0,3.13,3.68,Phoenix,Thursday
894,50,Female,2.17,10.27,18,1.54,0.73,2.27,Los Angeles,Friday
895,23,Male,4.46,1.15,10,1.21,4.12,4.95,Phoenix,Saturday
896,27,Male,1.04,6.31,17,1.17,1.18,0.27,Chicago,Sunday
897,22,Male,8.5,13.01,19,0.34,3.26,1.78,New York,Monday
898,40,Female,2.84,2.45,19,0.94,2.03,2.41,New York,Tuesday
899,27,Male,8.21,7.71,24,2.78,2.98,2.52,Houston,Wednesday
900,19,Male,11.91,11.22,28,1.46,0.54,1.58,New York,Thursday
901,30,Female,1.8,13.25,15,2.09,0.08,3.65,Phoenix,Friday
902,57,Female,1.85,10.71,19,1.88,4.55,4.37,Chicago,Saturday
903,19,Male,4.74,10.37,8,4.38,1.35,4.69,Los Angeles,Sunday
904,37,Male,10.53,11.74,19,4.53,4.1,4.03,New York,Monday
905,18,Male,3.37,6.8,18,2.46,5,4.25,Los Angeles,Tuesday
906,54,Male,4.96,11.48,16,1.65,1.06,2.75,New York,Wednesday
907,26,Male,1.75,1.1,15,0.53,1.33,4.13,Chicago,Thursday
908,34,Male,9.39,13.02,8,4.77,3.31,1.52,Phoenix,Friday
909,26,Female,5.49,6.76,5,0.3,4.83,1.99,Chicago,Saturday
910,28,Female,9.35,8.19,16,1.49,4.58,1.58,Los Angeles,Sunday
911,32,Female,10.94,4.31,16,1.49,2.51,2.34,New York,Monday
912,41,Male,3.56,10.65,17,1.6,3.98,1.43,Los Angeles,Tuesday
913,55,Female,9.88,2,10,0.82,0.68,4.81,Phoenix,Wednesday
914,52,Male,1.65,12.34,17,3.92,4.89,1.56,Chicago,Thursday
915,47,Male,10.89,11.77,24,0.61,4.82,0.49,Los Angeles,Friday
916,48,Female,8.16,3.81,29,3.17,0.82,2.63,Los Angeles,Saturday
917,22,Male,10.62,11.52,15,0.62,1.5,0.29,Phoenix,Sunday
918,31,Male,1,11.22,19,0.35,0.5,0.55,New York,Monday
919,28,Female,2.86,9.22,23,4.55,1.36,1.1,Los Angeles,Tuesday
920,26,Female,5.29,5.86,26,0.95,4.08,2.32,Phoenix,Wednesday
921,51,Female,5.17,4.53,5,4.11,1.89,2.17,New York,Thursday
922,29,Male,3.49,4.01,8,2.72,0.44,4,New York,Friday
923,52,Female,5.2,5.14,7,0.39,1.71,3.7,Chicago,Saturday
924,52,Female,2.42,12.75,24,4.78,4.91,2.13,Phoenix,Sunday
925,18,Male,5.54,2.01,28,1.23,3.15,1.67,New York,Monday
926,57,Female,9.83,11.78,19,4.3,2.08,1.58,Chicago,Tuesday
927,39,Female,6.27,5.54,25,0.84,0.83,3.87,Houston,Wednesday
928,46,Female,1.2,7.78,27,4.27,4.93,0.26,Phoenix,Thursday
929,25,Male,5.64,11.33,4,0.07,4.1,0.06,Houston,Friday
930,28,Male,1.3,12.5,28,2.56,1.41,3.98,New York,Saturday
931,58,Male,11.63,5.48,17,3.85,0.35,2.39,Phoenix,Sunday
932,54,Male,2.4,7,7,4.67,0.28,0.65,Chicago,Monday
933,31,Female,8.78,6.39,28,4.55,0.6,1.18,New York,Tuesday
934,47,Male,11.7,1.17,22,4.1,2.9,4.66,Phoenix,Wednesday
935,52,Male,10.09,4.85,8,4.44,4.64,4.3,Phoenix,Thursday
936,38,Female,8.69,6.97,8,1,2.48,3.55,Houston,Friday
937,54,Female,10.23,6.34,29,1.42,4.21,2.41,New York,Saturday
938,22,Female,11.8,10.39,20,1.44,2.23,2.6,Chicago,Sunday
939,36,Male,7.83,6,20,1.89,3.54,4.88,Chicago,Monday
940,31,Male,7.15,7.36,6,1.97,3.66,4.83,New York,Tuesday
941,43,Male,7.91,6.58,19,2.72,0.87,1.08,New York,Wednesday
942,21,Female,6.86,10.63,27,0.8,1.81,4.06,Los Angeles,Thursday
943,42,Female,7.99,12.22,16,3.46,3.19,0.99,Houston,Friday
944,59,Male,5.95,7.91,16,0.84,0.35,1.07,New York,Saturday
945,42,Female,3.4,11.26,15,1.55,1.81,3.38,New York,Sunday
946,35,Female,2.32,4.86,9,2.52,2.67,2.03,Los Angeles,Monday
947,57,Female,1.75,8.04,14,3.98,4.98,4.66,Los Angeles,Tuesday
948,25,Male,3.9,5.49,25,3.7,2.37,0.45,Phoenix,Wednesday
949,56,Female,1.51,6.38,17,3.23,4.08,2.56,Chicago,Thursday
950,57,Female,7.24,10.52,21,0.78,2.16,4.59,Houston,Friday
951,31,Male,4.12,12.46,13,2.74,3.98,4.52,Phoenix,Saturday
952,49,Male,10.07,2.58,17,0.44,2.98,0.78,New York,Sunday
953,55,Female,1.82,9.25,14,1.89,4.43,1.83,Los Angeles,Monday
954,50,Female,3.49,8.57,5,2.07,2.05,3.1,Chicago,Tuesday
955,40,Male,9.03,2.54,19,0.2,3.02,0.8,Phoenix,Wednesday
956,32,Male,7.59,3.75,5,1.37,3.15,4.84,Chicago,Thursday
957,50,Female,1.71,5.04,21,4.78,2.09,4.57,Los Angeles,Friday
958,42,Female,10.65,3.17,22,4.77,0.72,0.83,Phoenix,Saturday
959,34,Female,10.65,4.17,6,1.76,0.47,0.61,Phoenix,Sunday
960,50,Female,4.63,4.48,5,0.22,0.08,0.43,Chicago,Monday
961,19,Male,4.74,5.36,28,0.9,4.37,4.55,Los Angeles,Tuesday
962,31,Female,11.88,10.74,18,1.96,1.18,0.97,New York,Wednesday
963,57,Female,7.89,8.43,14,4.74,1.06,2.08,Phoenix,Thursday
964,57,Male,6.84,13.82,10,0.71,3.68,2.24,New York,Friday
965,56,Female,10.22,6.39,26,3.82,1.6,3,Los Angeles,Saturday
966,23,Male,4.14,10.8,19,0.54,2.53,0.36,Phoenix,Sunday
967,23,Female,5.72,12.33,9,4.91,0.81,1.13,Phoenix,Monday
968,20,Female,3.95,9.83,13,1.91,4.8,4.66,New York,Tuesday
969,24,Male,9.68,6.35,20,3.88,4.26,4.54,Houston,Wednesday
970,25,Male,7.31,10.8,3,1.71,4.32,3.91,New York,Thursday
971,59,Female,8.25,3.65,5,3.14,2.03,0.1,New York,Friday
972,32,Female,3.78,5.26,6,0.96,3.81,1.64,Houston,Saturday
973,46,Female,3.42,8.11,15,0.73,0.72,3.14,Los Angeles,Sunday
974,50,Male,6.37,8.48,8,4.69,0.04,1.38,Los Angeles,Monday
975,47,Female,9.11,1.29,28,4.59,0.1,4.55,Phoenix,Tuesday
976,56,Male,6.78,13.29,16,4.44,2.93,3.17,Chicago,Wednesday
977,44,Male,1.36,10.06,7,3.13,2.28,0.36,Chicago,Thursday
978,53,Female,10.55,7.44,18,4.04,2.59,4.55,Phoenix,Friday
979,46,Male,1.71,13.13,17,0.35,0.04,4.79,Chicago,Saturday
980,55,Female,11.51,6.71,17,1.67,2.11,0.39,New York,Sunday
981,50,Female,1.28,13.75,6,1.57,3.59,2.66,New York,Monday
982,54,Female,8.64,7.66,10,3.18,2.21,1.52,Houston,Tuesday
983,44,Female,1.9,2.49,29,1.78,3.66,1.96,Houston,Wednesday
984,50,Female,11.02,10.94,18,0.74,1.17,0.9,Phoenix,Thursday
985,21,Male,6.11,9.83,18,2.98,4.07,2.89,Phoenix,Friday
986,39,Male,2.51,11.05,6,4.07,2.94,4.79,Phoenix,Saturday
987,19,Female,4.75,13.37,15,1.91,1.05,2.52,New York,Sunday
988,27,Female,2.81,11.09,28,0.66,1.18,0.41,Chicago,Monday
989,22,Male,2.88,8.95,15,0.98,3.14,3.1,Phoenix,Tuesday
990,27,Male,11.43,12.15,4,1.19,4.15,1.7,Phoenix,Wednesday
991,50,Male,5.9,9.75,5,1.5,2.08,4.28,New York,Thursday
992,55,Male,9.68,6.31,24,3.21,1.29,2.17,New York,Friday
993,30,Female,8.04,12.51,10,3,4.34,0.96,New York,Saturday
994,48,Female,8.44,3.88,26,3.48,3.35,0.96,Chicago,Sunday
995,53,Male,2.45,10.29,17,1.81,2.24,3.84,Phoenix,Monday
996,41,Female,3.58,12.46,13,4.12,2.44,1.33,Los Angeles,Tuesday
997,32,Male,9.65,10.51,11,1.02,1.02,3.84,Los Angeles,Wednesday
998,46,Female,11.68,10.06,9,2.35,3.13,1.03,Phoenix,Thursday
999,25,Male,3.89,10.78,15,4,1.79,1.61,Phoenix,Friday
1000,22,Female,3.99,7.05,4,0.9,4.98,2.33,Phoenix,Saturday
